,importance,feature_names
5,0.1405905437672901,event_type
2,0.11795827110691481,days_from_19970101
4,0.09810002231110122,longitude
6,0.08550738498599081,interaction
1,0.06963966415491954,tranformed_fatality
3,0.05922477151932155,latitude
0,0.05700717445127918,#event_within_month
7,0.04368565400890493,country
9,0.04092151830091399,event_ctr_30
8,0.03292615572178907,event_ctr_-30
12,0.028361600401173668,event_ctr_admin1_-30
24,0.026018188815405522,event_ctr_actor1_inter_-30
21,0.02496553597213596,event_ctr_actor1_30
17,0.022902138218952397,event_ctr_admin2_30
16,0.022676642429086874,event_ctr_admin2_-30
25,0.022080203546904157,event_ctr_actor1_inter_30
20,0.02092186388157421,event_ctr_actor1_-30
13,0.01759687636443523,event_ctr_admin1_30
22,0.011348796046631264,fatality_sum_actor1_-30
11,0.009967256306752511,fatality_sum_30
14,0.00916185932978233,fatality_sum_admin1_-30
10,0.00784925808539251,fatality_sum_-30
23,0.007519278350887287,fatality_sum_actor1_30
26,0.007371179136813634,fatality_sum_actor1_inter_-30
27,0.006564923278304472,fatality_sum_actor1_inter_30
15,0.005327526235566108,fatality_sum_admin1_30
19,0.002279209148520025,fatality_sum_admin2_30
18,0.0015265041232564672,fatality_sum_admin2_-30
