,importance,feature_names
2,0.11976881146111086,days_from_19970101
8,0.09287623348573636,country
5,0.0800377313821007,event_type
7,0.06888447193404082,region
0,0.06404408347777184,#event_within_month
1,0.05936762378357672,tranformed_fatality
4,0.057128542178851494,longitude
3,0.046141233116575,latitude
9,0.04040273608772905,event_ctr_-30
14,0.03897459823489951,event_ctr_admin1_30
6,0.03744854176742391,interaction
13,0.03521312455824801,event_ctr_admin1_-30
10,0.034809010428066244,event_ctr_30
22,0.03266106937227538,event_ctr_actor1_30
26,0.03123577787766074,event_ctr_actor1_inter_30
21,0.02716639445298235,event_ctr_actor1_-30
25,0.02713553783678532,event_ctr_actor1_inter_-30
18,0.02391161047483574,event_ctr_admin2_30
17,0.023796622409220144,event_ctr_admin2_-30
11,0.015780724145233092,fatality_sum_-30
12,0.01054586405364407,fatality_sum_30
23,0.00832284604573132,fatality_sum_actor1_-30
24,0.00754321912394315,fatality_sum_actor1_30
27,0.004939898979515411,fatality_sum_actor1_inter_-30
15,0.0030002122509274775,fatality_sum_admin1_-30
16,0.0027956977549009787,fatality_sum_admin1_30
20,0.0021714386481157012,fatality_sum_admin2_30
28,0.0020505458482900905,fatality_sum_actor1_inter_30
19,0.0018457988298083278,fatality_sum_admin2_-30
