,importance,feature_names
6,0.11890340348646096,interaction
5,0.11159725358540261,event_type
2,0.09951045432362612,days_from_19970101
4,0.08870236231969489,longitude
3,0.0711102666871172,latitude
9,0.04964735925471465,event_ctr_30
0,0.034903954232059574,#event_within_month
1,0.03372367006672785,tranformed_fatality
25,0.03361640714257312,event_ctr_actor1_inter_30
8,0.030911460128897412,event_ctr_-30
7,0.03082128652015081,country
12,0.02998357408429109,event_ctr_admin1_-30
13,0.027467605566654993,event_ctr_admin1_30
20,0.02455333512532157,event_ctr_actor1_-30
16,0.021984083654039335,event_ctr_admin2_-30
24,0.021081683553738483,event_ctr_actor1_inter_-30
21,0.020610180047910917,event_ctr_actor1_30
15,0.019559571186032694,fatality_sum_admin1_30
23,0.018419219601331353,fatality_sum_actor1_30
17,0.01734999825306329,event_ctr_admin2_30
27,0.016242064529039646,fatality_sum_actor1_inter_30
10,0.014242801103027232,fatality_sum_-30
22,0.013531726621206212,fatality_sum_actor1_-30
26,0.012059541357954033,fatality_sum_actor1_inter_-30
11,0.011379839672720733,fatality_sum_30
19,0.010706371427688004,fatality_sum_admin2_30
14,0.010637176713213039,fatality_sum_admin1_-30
18,0.00674334975534244,fatality_sum_admin2_-30
