,importance,feature_names
2,0.1971498309597512,days_from_19970101
4,0.0937024231769534,longitude
6,0.0864330940678657,interaction
5,0.08368007430085923,event_type
24,0.05174402825951611,event_ctr_actor1_inter_-30
21,0.046789047302913354,event_ctr_actor1_30
25,0.04404381226829563,event_ctr_actor1_inter_30
3,0.04101603897046026,latitude
0,0.039235383831597345,#event_within_month
7,0.03276979617438316,country
1,0.0314673445494862,tranformed_fatality
8,0.03053436541737941,event_ctr_-30
20,0.02725645623071702,event_ctr_actor1_-30
9,0.01859148256752265,event_ctr_30
19,0.018004632663099505,fatality_sum_admin2_30
13,0.01702305955396204,event_ctr_admin1_30
23,0.01617350434208412,fatality_sum_actor1_30
12,0.01520939902859405,event_ctr_admin1_-30
11,0.014519990185995481,fatality_sum_30
17,0.01285387179514127,event_ctr_admin2_30
27,0.011887214379547774,fatality_sum_actor1_inter_30
10,0.01137629657822286,fatality_sum_-30
16,0.011327280805470526,event_ctr_admin2_-30
15,0.010985430815915107,fatality_sum_admin1_30
14,0.010650136239170648,fatality_sum_admin1_-30
22,0.010134642603485683,fatality_sum_actor1_-30
26,0.00882609979536847,fatality_sum_actor1_inter_-30
18,0.006615263136241859,fatality_sum_admin2_-30
